First,Second,Third
Wild Tales,Wild Tales,Wild Tales
My Dreams,My Dreams,My Dreams
Ricki Flash,Ricki Flash,Ricki Flash
Mapping Stars,Mapping Stars,Mapping Stars
Divergent Series,Divergent Series,Divergent Series
Tomorrow land,Tomorrow land,Tomorrow land
Next Door,Next Door,Next Door
Love Mercy,Love Mercy,Love Mercy
Black Sea,Black Sea,Black Sea
Water Diviner,Water Diviner,Water Diviner
End Tour,End Tour,End Tour
Teenage Girl,Teenage Girl,Teenage Girl
Crazy Adventure,Crazy Adventure,Crazy Adventure
Saint Laurent,Saint Laurent,Saint Laurent
Red Army,Red Army,Red Army
Pitch Perfect,Pitch Perfect,Pitch Perfect
Hot Pursuit,Hot Pursuit,Hot Pursuit
Running Night,Running Night,Running Night
Welcome Home,Welcome Home,Welcome Home
Black White,Black White,Black White
South Paw,South Paw,South Paw
Still Alice,Still Alice,Still Alice
Adaline Age,Adaline Age,Adaline Age
About Elly,About Elly,About Elly
Fantastic Four,Fantastic Four,Fantastic Four
Hunting Ground,Hunting Ground,Hunting Ground
Flights Up,Flights Up,Flights Up
Project Almanac,Project Almanac,Project Almanac
Irrational Man,Irrational Man,Irrational Man